"","aggregation_area","Year","calf","unacc","total"
"1","Albany to Pallinup",1976,0,0,0
"2","Albany to Pallinup",1977,0,0,0
"3","Albany to Pallinup",1978,1,5,7
"4","Albany to Pallinup",1979,0,0,0
"5","Albany to Pallinup",1980,1,1,3
"6","Albany to Pallinup",1981,0,2,2
"7","Albany to Pallinup",1983,0,0,0
"8","Albany to Pallinup",1984,0,3,3
"9","Albany to Pallinup",1985,1,3,5
"10","Albany to Pallinup",1988,0,4,4
"11","Albany to Pallinup",1989,1,5,7
"12","Albany to Pallinup",1990,0,0,0
"13","Albany to Pallinup",1991,0,6,6
"14","Albany to Pallinup",1992,1,21,23
"15","Albany to Pallinup",1993,3,7,12
"16","Albany to Pallinup",1994,4,26,33
"17","Albany to Pallinup",1995,5,21,32
"18","Albany to Pallinup",1996,5,5,15
"19","Albany to Pallinup",1997,4,3,8
"20","Albany to Pallinup",1998,12,36,45
"21","Albany to Pallinup",1999,2,3,7
"22","Albany to Pallinup",2000,1,7,8
"23","Albany to Pallinup",2001,9,54,71
"24","Albany to Pallinup",2002,12,20,43
"25","Albany to Pallinup",2003,13,41,57
"26","Albany to Pallinup",2004,3,12,14
"27","Albany to Pallinup",2005,14,42,65
"28","Albany to Pallinup",2006,25,38,77
"29","Albany to Pallinup",2007,12,41,50
"30","Albany to Pallinup",2008,15,28,58
"31","Albany to Pallinup",2009,4,9,12
"32","Albany to Pallinup",2010,14,57,80
"33","Albany to Pallinup",2011,6,11,24
"34","Albany to Pallinup",2012,12,40,64
"35","Albany to Pallinup",2013,21,80,114
"36","Albany to Pallinup",2014,13,21,42
"37","Albany to Pallinup",2015,0,59,59
"38","Albany to Pallinup",2016,11,16,36
"39","Albany to Pallinup",2017,29,30,87
"40","Albany to Pallinup",2018,20,24,61
"41","Albany to Pallinup",2019,25,49,93
"42","Albany to Pallinup",2020,18,20,53
"43","Albany to Pallinup",2021,12,4,25
"44","Albany to Pallinup",2022,14,5,32
"45","Albany to Pallinup",2023,13,25,48
"46","Bremer and Doubtful Islands",1977,1,0,2
"47","Bremer and Doubtful Islands",1978,5,0,10
"48","Bremer and Doubtful Islands",1979,1,0,2
"49","Bremer and Doubtful Islands",1980,3,12,18
"50","Bremer and Doubtful Islands",1981,0,15,15
"51","Bremer and Doubtful Islands",1983,1,4,6
"52","Bremer and Doubtful Islands",1984,2,0,4
"53","Bremer and Doubtful Islands",1985,4,14,18
"54","Bremer and Doubtful Islands",1988,11,7,29
"55","Bremer and Doubtful Islands",1989,6,5,14
"56","Bremer and Doubtful Islands",1990,13,14,42
"57","Bremer and Doubtful Islands",1991,4,18,26
"58","Bremer and Doubtful Islands",1992,6,4,14
"59","Bremer and Doubtful Islands",1993,16,18,35
"60","Bremer and Doubtful Islands",1994,24,21,62
"61","Bremer and Doubtful Islands",1995,14,22,50
"62","Bremer and Doubtful Islands",1996,12,18,40
"63","Bremer and Doubtful Islands",1997,16,42,69
"64","Bremer and Doubtful Islands",1998,35,73,126
"65","Bremer and Doubtful Islands",1999,19,16,48
"66","Bremer and Doubtful Islands",2000,17,17,40
"67","Bremer and Doubtful Islands",2001,39,51,116
"68","Bremer and Doubtful Islands",2002,28,52,93
"69","Bremer and Doubtful Islands",2003,24,54,77
"70","Bremer and Doubtful Islands",2004,17,36,57
"71","Bremer and Doubtful Islands",2005,24,34,73
"72","Bremer and Doubtful Islands",2006,26,29,66
"73","Bremer and Doubtful Islands",2007,36,60,110
"74","Bremer and Doubtful Islands",2008,56,24,121
"75","Bremer and Doubtful Islands",2009,31,23,75
"76","Bremer and Doubtful Islands",2010,23,45,78
"77","Bremer and Doubtful Islands",2011,36,24,89
"78","Bremer and Doubtful Islands",2012,22,20,62
"79","Bremer and Doubtful Islands",2013,55,28,129
"80","Bremer and Doubtful Islands",2014,23,20,54
"81","Bremer and Doubtful Islands",2015,21,28,66
"82","Bremer and Doubtful Islands",2016,44,17,101
"83","Bremer and Doubtful Islands",2017,55,20,126
"84","Bremer and Doubtful Islands",2018,30,20,70
"85","Bremer and Doubtful Islands",2019,39,9,79
"86","Bremer and Doubtful Islands",2020,34,12,74
"87","Bremer and Doubtful Islands",2021,35,8,75
"88","Bremer and Doubtful Islands",2022,25,7,54
"89","Bremer and Doubtful Islands",2023,9,18,31
"90","Cape arid",1978,1,1,4
"91","Cape arid",1980,0,0,0
"92","Cape arid",1981,0,10,10
"93","Cape arid",1983,0,0,0
"94","Cape arid",1985,0,0,0
"95","Cape arid",1987,1,5,7
"96","Cape arid",1988,2,17,21
"97","Cape arid",1989,3,3,9
"98","Cape arid",1990,0,12,12
"99","Cape arid",1991,0,6,6
"100","Cape arid",1992,0,0,0
"101","Cape arid",1993,0,3,3
"102","Cape arid",1994,2,20,24
"103","Cape arid",1995,3,14,17
"104","Cape arid",1996,0,14,14
"105","Cape arid",1997,2,6,10
"106","Cape arid",1998,13,36,53
"107","Cape arid",1999,3,21,25
"108","Cape arid",2000,5,34,42
"109","Cape arid",2001,5,11,16
"110","Cape arid",2002,8,18,32
"111","Cape arid",2003,1,10,10
"112","Cape arid",2004,2,13,15
"113","Cape arid",2005,5,15,21
"114","Cape arid",2006,10,23,39
"115","Cape arid",2007,3,22,26
"116","Cape arid",2008,6,8,18
"117","Cape arid",2009,6,30,40
"118","Cape arid",2010,3,38,40
"119","Cape arid",2011,4,3,9
"120","Cape arid",2012,2,31,35
"121","Cape arid",2013,3,21,23
"122","Cape arid",2014,8,33,43
"123","Cape arid",2015,2,36,36
"124","Cape arid",2016,6,9,17
"125","Cape arid",2017,3,47,53
"126","Cape arid",2018,4,10,18
"127","Cape arid",2019,8,14,26
"128","Cape arid",2020,3,7,13
"129","Cape arid",2021,6,11,23
"130","Cape arid",2022,2,8,12
"131","Cape arid",2023,4,10,18
"132","Cape le Grand",1977,0,0,0
"133","Cape le Grand",1978,1,0,2
"134","Cape le Grand",1979,1,0,2
"135","Cape le Grand",1980,2,3,7
"136","Cape le Grand",1981,0,3,3
"137","Cape le Grand",1983,1,0,2
"138","Cape le Grand",1984,0,0,0
"139","Cape le Grand",1985,0,6,6
"140","Cape le Grand",1987,0,2,2
"141","Cape le Grand",1988,0,2,2
"142","Cape le Grand",1989,0,2,2
"143","Cape le Grand",1990,0,1,1
"144","Cape le Grand",1991,4,6,11
"145","Cape le Grand",1992,0,1,1
"146","Cape le Grand",1993,0,0,0
"147","Cape le Grand",1994,4,8,16
"148","Cape le Grand",1995,1,3,5
"149","Cape le Grand",1996,4,5,13
"150","Cape le Grand",1997,6,14,26
"151","Cape le Grand",1998,2,5,9
"152","Cape le Grand",1999,0,0,0
"153","Cape le Grand",2000,0,0,0
"154","Cape le Grand",2001,2,7,8
"155","Cape le Grand",2002,0,7,7
"156","Cape le Grand",2003,1,2,4
"157","Cape le Grand",2004,2,5,7
"158","Cape le Grand",2005,1,2,6
"159","Cape le Grand",2006,1,4,5
"160","Cape le Grand",2007,1,9,11
"161","Cape le Grand",2008,2,2,6
"162","Cape le Grand",2009,0,10,10
"163","Cape le Grand",2010,1,9,11
"164","Cape le Grand",2011,0,0,0
"165","Cape le Grand",2012,1,3,5
"166","Cape le Grand",2013,2,11,15
"167","Cape le Grand",2014,2,6,10
"168","Cape le Grand",2015,0,20,20
"169","Cape le Grand",2016,0,0,0
"170","Cape le Grand",2017,0,2,3
"171","Cape le Grand",2018,3,0,6
"172","Cape le Grand",2019,1,4,6
"173","Cape le Grand",2020,4,12,20
"174","Cape le Grand",2021,0,0,0
"175","Cape le Grand",2022,0,1,1
"176","Cape le Grand",2023,2,2,4
"177","Cape leeuwin",1976,1,0,3
"178","Cape leeuwin",1977,0,4,4
"179","Cape leeuwin",1978,0,0,0
"180","Cape leeuwin",1981,1,3,5
"181","Cape leeuwin",1985,0,0,0
"182","Cape leeuwin",1990,0,5,5
"183","Cape leeuwin",1991,0,0,0
"184","Cape leeuwin",1992,2,0,4
"185","Cape leeuwin",1993,1,1,3
"186","Cape leeuwin",1994,2,3,4
"187","Cape leeuwin",1995,0,2,2
"188","Cape leeuwin",1997,3,1,7
"189","Cape leeuwin",1998,0,0,0
"190","Cape leeuwin",1999,1,3,5
"191","Cape leeuwin",2000,0,0,0
"192","Cape leeuwin",2001,2,0,4
"193","Cape leeuwin",2002,6,2,12
"194","Cape leeuwin",2003,3,0,6
"195","Cape leeuwin",2004,1,1,3
"196","Cape leeuwin",2005,3,2,9
"197","Cape leeuwin",2006,7,6,19
"198","Cape leeuwin",2007,1,0,2
"199","Cape leeuwin",2008,6,0,12
"200","Cape leeuwin",2009,2,2,6
"201","Cape leeuwin",2010,1,2,4
"202","Cape leeuwin",2011,6,0,12
"203","Cape leeuwin",2012,1,0,2
"204","Cape leeuwin",2013,2,0,4
"205","Cape leeuwin",2014,2,0,4
"206","Cape leeuwin",2015,5,2,12
"207","Cape leeuwin",2016,2,1,5
"208","Cape leeuwin",2017,2,3,7
"209","Cape leeuwin",2018,2,5,6
"210","Cape leeuwin",2019,3,0,6
"211","Cape leeuwin",2020,1,0,2
"212","Cape leeuwin",2021,1,0,2
"213","Cape leeuwin",2022,2,1,4
"214","Cape leeuwin",2023,2,0,4
"215","Eucla",1994,0,0,0
"216","Eucla",1995,0,0,0
"217","Eucla",1997,2,0,4
"218","Eucla",1998,0,2,2
"219","Eucla",1999,0,15,15
"220","Eucla",2000,2,2,6
"221","Eucla",2001,2,2,4
"222","Eucla",2002,0,3,3
"223","Eucla",2003,7,1,15
"224","Eucla",2004,0,3,3
"225","Eucla",2005,1,2,4
"226","Eucla",2006,7,23,35
"227","Eucla",2007,0,5,5
"228","Eucla",2008,1,7,9
"229","Eucla",2009,7,12,26
"230","Eucla",2010,0,15,15
"231","Eucla",2011,1,27,27
"232","Eucla",2012,0,12,12
"233","Eucla",2013,1,6,8
"234","Eucla",2014,1,17,19
"235","Eucla",2015,1,4,6
"236","Eucla",2016,1,12,14
"237","Eucla",2017,3,21,27
"238","Eucla",2018,2,10,14
"239","Eucla",2019,5,6,16
"240","Eucla",2020,0,2,2
"241","Eucla",2021,0,0,0
"242","Eucla",2022,2,1,4
"243","Eucla",2023,2,9,11
"244","Fowlers Bay",1993,1,0,2
"245","Fowlers Bay",1994,1,0,2
"246","Fowlers Bay",1995,1,1,3
"247","Fowlers Bay",1997,0,8,8
"248","Fowlers Bay",1998,0,0,0
"249","Fowlers Bay",1999,2,5,8
"250","Fowlers Bay",2000,1,0,2
"251","Fowlers Bay",2001,0,2,2
"252","Fowlers Bay",2002,8,6,22
"253","Fowlers Bay",2004,1,0,2
"254","Fowlers Bay",2005,7,8,17
"255","Fowlers Bay",2006,4,2,8
"256","Fowlers Bay",2007,4,16,24
"257","Fowlers Bay",2008,7,24,34
"258","Fowlers Bay",2009,11,16,38
"259","Fowlers Bay",2010,3,6,11
"260","Fowlers Bay",2011,27,45,99
"261","Fowlers Bay",2012,5,9,19
"262","Fowlers Bay",2013,12,2,26
"263","Fowlers Bay",2014,10,6,26
"264","Fowlers Bay",2015,0,0,0
"265","Fowlers Bay",2016,0,0,0
"266","Fowlers Bay",2017,26,22,74
"267","Fowlers Bay",2018,13,26,52
"268","Fowlers Bay",2019,15,0,30
"269","Fowlers Bay",2021,17,3,37
"270","Fowlers Bay",2022,20,0,40
"271","Fowlers Bay",2023,0,0,0
"272","Nullarbor",1993,29,3,60
"273","Nullarbor",1994,16,32,62
"274","Nullarbor",1995,0,0,0
"275","Nullarbor",1997,33,71,138
"276","Nullarbor",1998,80,53,143
"277","Nullarbor",1999,17,96,98
"278","Nullarbor",2000,42,29,113
"279","Nullarbor",2001,83,40,195
"280","Nullarbor",2002,48,23,113
"281","Nullarbor",2003,23,2,47
"282","Nullarbor",2004,32,27,91
"283","Nullarbor",2005,57,40,154
"284","Nullarbor",2006,46,42,130
"285","Nullarbor",2007,30,67,127
"286","Nullarbor",2008,74,61,209
"287","Nullarbor",2009,132,70,326
"288","Nullarbor",2010,89,85,261
"289","Nullarbor",2011,149,64,360
"290","Nullarbor",2012,60,19,139
"291","Nullarbor",2013,145,75,364
"292","Nullarbor",2014,78,32,183
"293","Nullarbor",2015,38,33,107
"294","Nullarbor",2016,73,13,159
"295","Nullarbor",2017,131,31,288
"296","Nullarbor",2018,159,76,394
"297","Nullarbor",2019,99,26,221
"298","Nullarbor",2020,49,3,101
"299","Nullarbor",2021,65,8,134
"300","Nullarbor",2022,84,1,168
"301","Nullarbor",2023,21,36,67
"302","OTHER",1976,0,0,0
"303","OTHER",1977,0,1,1
"304","OTHER",1978,2,3,6
"305","OTHER",1979,0,0,0
"306","OTHER",1980,1,9,11
"307","OTHER",1981,0,6,6
"308","OTHER",1983,1,0,2
"309","OTHER",1984,0,0,0
"310","OTHER",1985,0,2,2
"311","OTHER",1987,0,0,0
"312","OTHER",1988,0,0,0
"313","OTHER",1989,0,2,2
"314","OTHER",1990,1,11,11
"315","OTHER",1991,2,3,7
"316","OTHER",1992,0,6,6
"317","OTHER",1993,1,3,4
"318","OTHER",1994,2,8,12
"319","OTHER",1995,1,20,22
"320","OTHER",1996,0,12,12
"321","OTHER",1997,4,51,58
"322","OTHER",1998,6,36,46
"323","OTHER",1999,4,42,49
"324","OTHER",2000,3,32,36
"325","OTHER",2001,2,39,41
"326","OTHER",2002,4,77,85
"327","OTHER",2003,3,54,57
"328","OTHER",2004,2,21,25
"329","OTHER",2005,2,43,43
"330","OTHER",2006,7,49,63
"331","OTHER",2007,6,86,94
"332","OTHER",2008,7,57,71
"333","OTHER",2009,6,80,91
"334","OTHER",2010,6,64,76
"335","OTHER",2011,7,46,60
"336","OTHER",2012,4,11,19
"337","OTHER",2013,6,40,52
"338","OTHER",2014,6,73,81
"339","OTHER",2015,0,85,85
"340","OTHER",2016,2,20,24
"341","OTHER",2017,3,79,83
"342","OTHER",2018,8,45,55
"343","OTHER",2019,10,9,27
"344","OTHER",2020,3,6,12
"345","OTHER",2021,5,16,26
"346","OTHER",2022,4,7,15
"347","OTHER",2023,2,58,62
"348","Recherche and Israelite Bay",1978,0,0,0
"349","Recherche and Israelite Bay",1980,0,0,0
"350","Recherche and Israelite Bay",1981,0,0,0
"351","Recherche and Israelite Bay",1983,3,0,6
"352","Recherche and Israelite Bay",1985,0,0,0
"353","Recherche and Israelite Bay",1987,1,1,3
"354","Recherche and Israelite Bay",1988,2,3,5
"355","Recherche and Israelite Bay",1989,4,0,8
"356","Recherche and Israelite Bay",1990,9,26,28
"357","Recherche and Israelite Bay",1991,2,6,6
"358","Recherche and Israelite Bay",1992,1,0,2
"359","Recherche and Israelite Bay",1993,11,0,22
"360","Recherche and Israelite Bay",1994,6,14,24
"361","Recherche and Israelite Bay",1995,14,28,48
"362","Recherche and Israelite Bay",1996,22,11,53
"363","Recherche and Israelite Bay",1997,29,46,96
"364","Recherche and Israelite Bay",1998,39,49,118
"365","Recherche and Israelite Bay",1999,17,45,72
"366","Recherche and Israelite Bay",2000,16,33,54
"367","Recherche and Israelite Bay",2001,35,78,124
"368","Recherche and Israelite Bay",2002,49,110,179
"369","Recherche and Israelite Bay",2003,30,52,94
"370","Recherche and Israelite Bay",2004,23,22,63
"371","Recherche and Israelite Bay",2005,64,96,200
"372","Recherche and Israelite Bay",2006,48,48,124
"373","Recherche and Israelite Bay",2007,20,87,114
"374","Recherche and Israelite Bay",2008,77,40,174
"375","Recherche and Israelite Bay",2009,47,81,143
"376","Recherche and Israelite Bay",2010,38,73,133
"377","Recherche and Israelite Bay",2011,51,60,146
"378","Recherche and Israelite Bay",2012,34,67,128
"379","Recherche and Israelite Bay",2013,76,33,179
"380","Recherche and Israelite Bay",2014,84,30,187
"381","Recherche and Israelite Bay",2015,24,81,118
"382","Recherche and Israelite Bay",2016,37,56,109
"383","Recherche and Israelite Bay",2017,131,97,348
"384","Recherche and Israelite Bay",2018,45,41,121
"385","Recherche and Israelite Bay",2019,63,69,180
"386","Recherche and Israelite Bay",2020,39,20,89
"387","Recherche and Israelite Bay",2021,31,17,71
"388","Recherche and Israelite Bay",2022,92,14,193
"389","Recherche and Israelite Bay",2023,30,42,94
"390","Twilight cove",1993,1,0,2
"391","Twilight cove",1994,1,8,8
"392","Twilight cove",1995,6,16,24
"393","Twilight cove",1996,0,11,11
"394","Twilight cove",1997,0,15,15
"395","Twilight cove",1998,9,33,41
"396","Twilight cove",1999,3,20,24
"397","Twilight cove",2000,6,11,20
"398","Twilight cove",2001,3,2,9
"399","Twilight cove",2002,5,13,23
"400","Twilight cove",2003,5,20,29
"401","Twilight cove",2004,4,24,24
"402","Twilight cove",2005,0,2,2
"403","Twilight cove",2006,13,28,48
"404","Twilight cove",2007,1,1,3
"405","Twilight cove",2008,12,24,48
"406","Twilight cove",2009,2,30,30
"407","Twilight cove",2010,1,18,20
"408","Twilight cove",2011,6,16,24
"409","Twilight cove",2012,4,10,18
"410","Twilight cove",2013,1,12,13
"411","Twilight cove",2014,1,6,8
"412","Twilight cove",2015,3,37,42
"413","Twilight cove",2016,5,4,12
"414","Twilight cove",2017,11,26,45
"415","Twilight cove",2018,2,19,21
"416","Twilight cove",2019,11,10,31
"417","Twilight cove",2020,6,0,12
"418","Twilight cove",2021,0,0,0
"419","Twilight cove",2022,1,1,3
"420","Twilight cove",2023,1,4,6
